-1,-1,-1,-1,-1,-1,-1,-1,-1,-1,-1,-1,-1,-1,-1,-1,-1,-1,-1,-1,-1,-1,-1,-1,-1,-1,-1,-1,-1,204,205,-1,136,136,-1,-1,-1,-1,-1,-1,-1,-1,-1,-1,-1,-1,204,205,-1,136,136,-1,-1,-1,-1,-1,-1,-1,-1,-1,-1,-1,204,205,-1,135,135,-1,-1,-1,-1,-1,-1,-1,204,205,-1,135,135,-1,-1,204,205,-1,270,270,-1,-1,-1,-1,-1,-1,-1,-1,-1,-1,-1,-1,204,205
-1,-1,-1,-1,-1,-1,-1,-1,-1,-1,-1,-1,-1,-1,-1,-1,-1,-1,-1,-1,-1,-1,-1,-1,-1,-1,-1,-1,-1,204,205,-1,136,136,-1,-1,-1,-1,-1,-1,-1,-1,-1,-1,-1,-1,204,205,-1,136,136,-1,-1,-1,-1,-1,-1,-1,-1,-1,-1,-1,204,205,-1,135,135,-1,-1,-1,-1,-1,-1,-1,204,205,-1,135,135,-1,-1,204,205,-1,270,270,-1,-1,-1,-1,-1,-1,-1,-1,-1,-1,-1,-1,204,205
-1,-1,-1,-1,-1,-1,-1,-1,-1,-1,-1,-1,-1,-1,-1,-1,-1,-1,-1,-1,-1,-1,-1,-1,-1,-1,-1,-1,-1,329,205,-1,136,136,-1,-1,-1,-1,-1,-1,-1,-1,-1,229,230,230,231,205,136,136,136,-1,-1,-1,-1,-1,-1,-1,-1,-1,-1,-1,329,205,-1,135,135,-1,-1,-1,-1,-1,-1,-1,329,205,-1,135,135,-1,-1,329,205,-1,270,270,-1,-1,-1,-1,-1,-1,-1,-1,-1,-1,-1,-1,329,205
-1,-1,-1,-1,-1,-1,-1,-1,-1,-1,-1,-1,-1,-1,-1,-1,-1,-1,-1,-1,-1,-1,-1,-1,-1,-1,-1,-1,-1,329,205,-1,136,136,136,-1,-1,-1,-1,-1,-1,-1,-1,256,257,257,258,205,136,136,136,-1,-1,-1,-1,-1,-1,-1,-1,-1,-1,-1,329,205,-1,135,135,135,-1,-1,-1,-1,-1,-1,329,205,-1,135,135,-1,-1,204,205,-1,270,270,-1,-1,-1,-1,-1,-1,-1,-1,-1,-1,-1,-1,204,205
-1,-1,-1,-1,-1,-1,-1,-1,-1,-1,-1,-1,-1,-1,-1,-1,-1,-1,-1,-1,-1,-1,-1,-1,-1,-1,-1,-1,-1,285,205,-1,136,136,-1,-1,-1,-1,-1,5,277,277,6,136,136,136,285,205,136,136,136,-1,-1,-1,-1,-1,-1,-1,-1,-1,-1,-1,285,205,-1,135,135,135,-1,-1,-1,-1,-1,-1,285,205,-1,135,135,-1,-1,329,205,-1,270,270,-1,-1,-1,-1,-1,-1,-1,-1,-1,-1,-1,-1,329,205
-1,-1,-1,-1,-1,-1,-1,-1,-1,-1,-1,-1,-1,-1,-1,-1,-1,-1,-1,-1,-1,-1,-1,-1,-1,-1,-1,-1,-1,312,313,-1,136,136,-1,-1,-1,-1,-1,32,304,304,33,136,136,136,312,313,136,136,136,-1,-1,-1,-1,-1,-1,-1,-1,-1,-1,-1,312,313,-1,135,135,-1,-1,-1,-1,-1,-1,-1,312,313,-1,135,135,-1,-1,329,205,-1,270,270,-1,-1,-1,-1,-1,-1,-1,-1,-1,-1,-1,-1,329,205
-1,-1,-1,-1,-1,-1,-1,-1,-1,-1,-1,-1,-1,-1,-1,-1,-1,-1,-1,-1,-1,-1,297,297,297,297,297,-1,-1,-1,-1,-1,-1,-1,5,277,277,6,136,136,136,-1,-1,-1,-1,-1,-1,-1,136,-1,-1,-1,-1,-1,-1,-1,-1,-1,-1,-1,-1,-1,-1,-1,-1,-1,135,-1,-1,-1,-1,-1,-1,-1,-1,-1,-1,135,135,-1,-1,329,205,-1,270,270,-1,-1,-1,-1,-1,-1,-1,-1,-1,-1,-1,-1,329,205
-1,-1,-1,-1,-1,-1,-1,-1,-1,-1,-1,-1,-1,-1,-1,-1,-1,-1,-1,-1,300,300,297,297,297,297,167,167,167,167,-1,-1,-1,-1,32,304,304,33,136,136,136,-1,-1,-1,-1,-1,-1,-1,136,-1,-1,-1,-1,-1,-1,-1,-1,-1,-1,-1,-1,-1,-1,-1,-1,-1,135,-1,-1,-1,-1,-1,-1,-1,-1,-1,-1,135,-1,-1,-1,312,313,-1,270,270,-1,-1,-1,-1,-1,-1,-1,-1,-1,-1,-1,-1,312,313
-1,-1,-1,-1,-1,-1,-1,-1,-1,-1,-1,-1,355,-1,-1,-1,-1,5,277,277,6,300,138,5,277,277,6,297,297,297,297,-1,-1,-1,-1,-1,-1,-1,-1,-1,-1,-1,-1,-1,-1,-1,-1,-1,136,-1,5,277,277,6,273,273,5,277,277,6,217,217,217,-1,-1,-1,-1,-1,-1,-1,-1,-1,-1,-1,-1,-1,-1,135,-1,-1,-1,-1,-1,-1,-1,-1,-1,-1,-1,-1,-1,-1,-1,-1,-1,-1,-1,-1,-1,-1
2,335,336,337,338,339,2,3,4,355,355,355,355,-1,-1,-1,-1,32,304,304,33,-1,138,32,304,304,33,297,297,221,221,221,221,221,221,221,221,221,221,221,221,221,221,221,221,221,-1,-1,136,136,32,304,304,33,273,273,32,304,304,33,217,217,217,-1,-1,-1,-1,-1,-1,-1,-1,-1,-1,-1,-1,-1,-1,135,-1,-1,-1,-1,-1,-1,-1,-1,-1,-1,-1,-1,-1,-1,-1,-1,-1,-1,-1,-1,-1,-1
28,362,363,364,365,366,29,30,232,2,337,338,339,340,3,4,355,355,355,-1,-1,-1,-1,-1,-1,-1,-1,-1,-1,0,335,336,337,338,339,340,341,342,343,342,343,2,337,338,339,340,3,4,136,136,136,-1,-1,-1,-1,-1,273,-1,-1,-1,-1,-1,0,335,336,337,338,339,340,341,3,3,3,3,3,4,135,135,135,271,0,335,336,337,338,339,340,341,342,343,342,342,343,342,3,3,3,3,3,4
55,56,56,56,56,56,56,371,29,29,364,365,366,367,30,31,355,355,355,-1,-1,-1,-1,-1,-1,-1,-1,-1,-1,27,28,363,364,365,366,367,368,369,370,369,370,29,364,365,366,367,30,31,136,136,136,-1,-1,-1,-1,-1,-1,-1,-1,-1,-1,-1,27,28,363,364,365,366,367,368,369,370,369,367,30,31,135,135,135,271,27,28,363,364,365,366,367,368,369,370,369,369,370,369,369,370,369,367,30,31
55,56,56,56,56,56,56,56,56,56,56,56,56,56,57,58,355,355,355,-1,-1,-1,-1,-1,-1,-1,-1,-1,-1,81,55,56,56,56,56,56,56,56,56,56,56,56,56,56,56,56,57,58,136,136,136,-1,-1,-1,-1,-1,-1,-1,-1,-1,-1,-1,81,55,56,56,56,56,56,56,56,56,56,56,57,58,135,135,135,271,81,55,56,56,56,56,56,56,56,56,56,56,56,56,56,56,56,56,57,58
82,83,83,83,83,83,83,83,83,83,83,83,83,83,84,85,355,355,355,-1,-1,-1,-1,-1,-1,-1,-1,-1,-1,54,82,83,83,83,83,83,83,83,83,83,83,83,83,83,83,83,84,85,136,136,136,-1,-1,-1,-1,-1,-1,-1,-1,-1,-1,-1,54,82,83,83,83,83,83,83,83,83,83,83,84,85,135,135,135,271,54,82,83,83,83,83,83,83,83,83,83,83,83,83,83,83,83,83,84,85
